{
  "fs": 32768,
  "N": 4096,
  "K": 4,
  "window": "hamming",
  "commands": {
    "casa": {
      "mean": [
        0.0041458989124355475,
        5.1413807676342715e-05,
        3.7345063608216773e-07,
        7.395977943729165e-09
      ],
      "std": [
        0.0079292759172678,
        0.00010985556215445027,
        9.299380079548425e-07,
        6.849517662579289e-09
      ],
      "count": 8
    },
    "chispa": {
      "mean": [
        0.0013696950353306791,
        0.0004137043631228706,
        3.401229775785123e-07,
        9.373114209326877e-09
      ],
      "std": [
        0.002478747375706601,
        0.0010327276228300798,
        5.719004130486946e-07,
        7.561025981198665e-09
      ],
      "count": 8
    }
  }
}